technology,depth,zygosity,FN,FP,TN,TP,precision,recall,F1,Accuracy,FPR
linkedread,0.5,heterozygous,179,0,0,2,1,0.0110497237569061,0.0218579234972678,0.0110497237569061,0
linkedread,0.5,homozygous,163,0,130,6,1,0.0355029585798817,0.0685714285714286,0.454849498327759,0
linkedread,2,heterozygous,152,0,0,29,1,0.160220994475138,0.276190476190476,0.160220994475138,0
linkedread,2,homozygous,103,0,130,66,1,0.390532544378698,0.561702127659575,0.655518394648829,0
linkedread,5,heterozygous,71,0,0,110,1,0.607734806629834,0.756013745704467,0.607734806629834,0
linkedread,5,homozygous,46,0,130,123,1,0.727810650887574,0.842465753424658,0.846153846153846,0
linkedread,10,heterozygous,27,0,0,154,1,0.850828729281768,0.919402985074627,0.850828729281768,0
linkedread,10,homozygous,30,0,130,139,1,0.822485207100592,0.902597402597403,0.899665551839465,0
linkedread,20,heterozygous,23,0,0,158,1,0.87292817679558,0.932153392330384,0.87292817679558,0
linkedread,20,homozygous,29,0,130,140,1,0.828402366863905,0.906148867313916,0.903010033444816,0
linkedread (candidates),0.5,heterozygous,62,0,0,119,1,0.657458563535912,0.793333333333333,0.657458563535912,0
linkedread (candidates),0.5,homozygous,48,0,130,121,1,0.715976331360947,0.83448275862069,0.839464882943144,0
linkedread (candidates),2,heterozygous,56,0,0,125,1,0.69060773480663,0.816993464052288,0.69060773480663,0
linkedread (candidates),2,homozygous,39,0,130,130,1,0.769230769230769,0.869565217391304,0.869565217391304,0
linkedread (candidates),5,heterozygous,37,0,0,144,1,0.795580110497238,0.886153846153846,0.795580110497238,0
linkedread (candidates),5,homozygous,23,0,130,146,1,0.863905325443787,0.926984126984127,0.923076923076923,0
linkedread (candidates),10,heterozygous,23,0,0,158,1,0.87292817679558,0.932153392330384,0.87292817679558,0
linkedread (candidates),10,homozygous,20,0,130,149,1,0.881656804733728,0.937106918238994,0.933110367892977,0
linkedread (candidates),20,heterozygous,22,0,0,159,1,0.878453038674033,0.935294117647059,0.878453038674033,0
linkedread (candidates),20,homozygous,20,0,130,149,1,0.881656804733728,0.937106918238994,0.933110367892977,0
linkedread (pooled),0.5,heterozygous,0,0,0,0,0,0,0,0,0
linkedread (pooled),0.5,homozygous,23,0,0,25,1,0.520833333333333,0.684931506849315,0.520833333333333,0
linkedread (pooled),2,heterozygous,0,0,0,0,0,0,0,0,0
linkedread (pooled),2,homozygous,14,0,0,34,1,0.708333333333333,0.829268292682927,0.708333333333333,0
linkedread (pooled),5,heterozygous,0,0,0,0,0,0,0,0,0
linkedread (pooled),5,homozygous,10,0,0,38,1,0.791666666666667,0.883720930232558,0.791666666666667,0
linkedread (pooled),10,heterozygous,0,0,0,0,0,0,0,0,0
linkedread (pooled),10,homozygous,8,0,0,40,1,0.833333333333333,0.909090909090909,0.833333333333333,0
linkedread (pooled),20,heterozygous,0,0,0,0,0,0,0,0,0
linkedread (pooled),20,homozygous,8,0,0,40,1,0.833333333333333,0.909090909090909,0.833333333333333,0
ontlong,0.5,heterozygous,173,0,0,8,1,0.0441988950276243,0.0846560846560847,0.0441988950276243,0
ontlong,0.5,homozygous,122,0,130,47,1,0.27810650887574,0.435185185185185,0.591973244147157,0
ontlong,2,heterozygous,69,1,0,112,0.991150442477876,0.61878453038674,0.761904761904762,0.615384615384615,1
ontlong,2,homozygous,4,1,130,165,0.993975903614458,0.976331360946746,0.985074626865672,0.983333333333333,0.00763358778625954
ontlong,5,heterozygous,10,1,0,171,0.994186046511628,0.94475138121547,0.968838526912181,0.93956043956044,1
ontlong,5,homozygous,0,2,130,169,0.988304093567251,1,0.994117647058823,0.993355481727575,0.0151515151515152
ontlong,10,heterozygous,3,2,0,178,0.988888888888889,0.983425414364641,0.986149584487535,0.972677595628415,1
ontlong,10,homozygous,0,2,130,169,0.988304093567251,1,0.994117647058823,0.993355481727575,0.0151515151515152
ontlong,20,heterozygous,2,2,0,179,0.988950276243094,0.988950276243094,0.988950276243094,0.978142076502732,1
ontlong,20,homozygous,0,1,130,169,0.994117647058824,1,0.997050147492625,0.996666666666667,0.00763358778625954
ontshort,0.5,heterozygous,166,0,0,15,1,0.0828729281767956,0.153061224489796,0.0828729281767956,0
ontshort,0.5,homozygous,143,0,130,26,1,0.153846153846154,0.266666666666667,0.521739130434783,0
ontshort,2,heterozygous,65,0,0,116,1,0.640883977900553,0.781144781144781,0.640883977900553,0
ontshort,2,homozygous,20,0,130,149,1,0.881656804733728,0.937106918238994,0.933110367892977,0
ontshort,5,heterozygous,11,0,0,170,1,0.939226519337017,0.968660968660969,0.939226519337017,0
ontshort,5,homozygous,5,0,130,164,1,0.970414201183432,0.984984984984985,0.983277591973244,0
ontshort,10,heterozygous,5,0,0,176,1,0.972375690607735,0.985994397759104,0.972375690607735,0
ontshort,10,homozygous,2,0,130,167,1,0.988165680473373,0.994047619047619,0.993311036789298,0
ontshort,20,heterozygous,7,0,0,174,1,0.961325966850829,0.980281690140845,0.961325966850829,0
ontshort,20,homozygous,2,0,130,167,1,0.988165680473373,0.994047619047619,0.993311036789298,0
pacbio,0.5,heterozygous,166,0,0,15,1,0.0828729281767956,0.153061224489796,0.0828729281767956,0
pacbio,0.5,homozygous,143,0,130,26,1,0.153846153846154,0.266666666666667,0.521739130434783,0
pacbio,2,heterozygous,66,0,0,115,1,0.635359116022099,0.777027027027027,0.635359116022099,0
pacbio,2,homozygous,6,0,130,163,1,0.964497041420118,0.981927710843373,0.979933110367893,0
pacbio,5,heterozygous,3,0,0,178,1,0.983425414364641,0.991643454038997,0.983425414364641,0
pacbio,5,homozygous,0,1,130,169,0.994117647058824,1,0.997050147492625,0.996666666666667,0.00763358778625954
pacbio,10,heterozygous,1,0,0,180,1,0.994475138121547,0.997229916897507,0.994475138121547,0
pacbio,10,homozygous,0,2,130,169,0.988304093567251,1,0.994117647058823,0.993355481727575,0.0151515151515152
pacbio,20,heterozygous,0,0,0,181,1,1,1,1,0
pacbio,20,homozygous,0,1,130,169,0.994117647058824,1,0.997050147492625,0.996666666666667,0.00763358778625954
shortread,0.5,heterozygous,125,12,0,56,0.823529411764706,0.30939226519337,0.449799196787149,0.290155440414508,1
shortread,0.5,homozygous,80,7,130,89,0.927083333333333,0.526627218934911,0.671698113207547,0.715686274509804,0.0510948905109489
shortread,2,heterozygous,57,6,0,124,0.953846153846154,0.685082872928177,0.797427652733119,0.663101604278075,1
shortread,2,homozygous,30,6,130,139,0.958620689655172,0.822485207100592,0.885350318471338,0.881967213114754,0.0441176470588235
shortread,5,heterozygous,25,2,0,156,0.987341772151899,0.861878453038674,0.920353982300885,0.852459016393443,1
shortread,5,homozygous,19,6,130,150,0.961538461538462,0.887573964497041,0.923076923076923,0.918032786885246,0.0441176470588235
shortread,10,heterozygous,18,0,0,163,1,0.900552486187845,0.947674418604651,0.900552486187845,0
shortread,10,homozygous,18,10,130,151,0.937888198757764,0.893491124260355,0.915151515151515,0.909385113268608,0.0714285714285714
shortread,20,heterozygous,18,0,0,163,1,0.900552486187845,0.947674418604651,0.900552486187845,0
shortread,20,homozygous,17,10,130,152,0.938271604938272,0.899408284023669,0.918429003021148,0.912621359223301,0.0714285714285714
